datetime,stream_height,source
9/23/24 0:00,1.34,Nolichucky River (Embreeville)
9/23/24 0:15,1.33,Nolichucky River (Embreeville)
9/23/24 0:30,1.33,Nolichucky River (Embreeville)
9/23/24 0:45,1.33,Nolichucky River (Embreeville)
9/23/24 1:00,1.33,Nolichucky River (Embreeville)
9/23/24 1:15,1.33,Nolichucky River (Embreeville)
9/23/24 1:45,1.33,Nolichucky River (Embreeville)
9/23/24 2:00,1.33,Nolichucky River (Embreeville)
9/23/24 2:15,1.33,Nolichucky River (Embreeville)
9/23/24 2:30,1.33,Nolichucky River (Embreeville)
9/23/24 2:45,1.33,Nolichucky River (Embreeville)
9/23/24 3:00,1.32,Nolichucky River (Embreeville)
9/23/24 3:15,1.32,Nolichucky River (Embreeville)
9/23/24 3:30,1.32,Nolichucky River (Embreeville)
9/23/24 3:45,1.32,Nolichucky River (Embreeville)
9/23/24 4:00,1.32,Nolichucky River (Embreeville)
9/23/24 4:15,1.32,Nolichucky River (Embreeville)
9/23/24 4:30,1.32,Nolichucky River (Embreeville)
9/23/24 4:45,1.32,Nolichucky River (Embreeville)
9/23/24 5:00,1.32,Nolichucky River (Embreeville)
9/23/24 5:15,1.32,Nolichucky River (Embreeville)
9/23/24 5:30,1.32,Nolichucky River (Embreeville)
9/23/24 5:45,1.33,Nolichucky River (Embreeville)
9/23/24 6:00,1.32,Nolichucky River (Embreeville)
9/23/24 6:15,1.32,Nolichucky River (Embreeville)
9/23/24 6:30,1.32,Nolichucky River (Embreeville)
9/23/24 6:45,1.32,Nolichucky River (Embreeville)
9/23/24 7:00,1.32,Nolichucky River (Embreeville)
9/23/24 7:15,1.32,Nolichucky River (Embreeville)
9/23/24 7:30,1.32,Nolichucky River (Embreeville)
9/23/24 7:45,1.32,Nolichucky River (Embreeville)
9/23/24 8:00,1.32,Nolichucky River (Embreeville)
9/23/24 8:15,1.31,Nolichucky River (Embreeville)
9/23/24 8:30,1.31,Nolichucky River (Embreeville)
9/23/24 8:45,1.31,Nolichucky River (Embreeville)
9/23/24 9:00,1.31,Nolichucky River (Embreeville)
9/23/24 9:15,1.31,Nolichucky River (Embreeville)
9/23/24 9:30,1.31,Nolichucky River (Embreeville)
9/23/24 9:45,1.31,Nolichucky River (Embreeville)
9/23/24 10:00,1.31,Nolichucky River (Embreeville)
9/23/24 10:15,1.3,Nolichucky River (Embreeville)
9/23/24 10:30,1.31,Nolichucky River (Embreeville)
9/23/24 10:45,1.31,Nolichucky River (Embreeville)
9/23/24 11:00,1.3,Nolichucky River (Embreeville)
9/23/24 11:15,1.31,Nolichucky River (Embreeville)
9/23/24 11:30,1.3,Nolichucky River (Embreeville)
9/23/24 11:45,1.31,Nolichucky River (Embreeville)
9/23/24 12:00,1.3,Nolichucky River (Embreeville)
9/23/24 12:15,1.31,Nolichucky River (Embreeville)
9/23/24 12:30,1.31,Nolichucky River (Embreeville)
9/23/24 12:45,1.31,Nolichucky River (Embreeville)
9/23/24 13:00,1.3,Nolichucky River (Embreeville)
9/23/24 13:15,1.3,Nolichucky River (Embreeville)
9/23/24 13:30,1.3,Nolichucky River (Embreeville)
9/23/24 13:45,1.3,Nolichucky River (Embreeville)
9/23/24 14:00,1.3,Nolichucky River (Embreeville)
9/23/24 14:15,1.3,Nolichucky River (Embreeville)
9/23/24 15:00,1.3,Nolichucky River (Embreeville)
9/23/24 15:15,1.3,Nolichucky River (Embreeville)
9/23/24 15:30,1.29,Nolichucky River (Embreeville)
9/23/24 15:45,1.3,Nolichucky River (Embreeville)
9/23/24 16:00,1.3,Nolichucky River (Embreeville)
9/23/24 16:15,1.29,Nolichucky River (Embreeville)
9/23/24 16:30,1.3,Nolichucky River (Embreeville)
9/23/24 16:45,1.3,Nolichucky River (Embreeville)
9/23/24 17:00,1.3,Nolichucky River (Embreeville)
9/23/24 17:15,1.3,Nolichucky River (Embreeville)
9/23/24 17:30,1.3,Nolichucky River (Embreeville)
9/23/24 17:45,1.31,Nolichucky River (Embreeville)
9/23/24 18:00,1.3,Nolichucky River (Embreeville)
9/23/24 18:15,1.31,Nolichucky River (Embreeville)
9/23/24 18:30,1.32,Nolichucky River (Embreeville)
9/23/24 18:45,1.32,Nolichucky River (Embreeville)
9/23/24 19:00,1.32,Nolichucky River (Embreeville)
9/23/24 19:15,1.31,Nolichucky River (Embreeville)
9/23/24 19:30,1.32,Nolichucky River (Embreeville)
9/23/24 19:45,1.32,Nolichucky River (Embreeville)
9/23/24 20:00,1.32,Nolichucky River (Embreeville)
9/23/24 20:15,1.32,Nolichucky River (Embreeville)
9/23/24 20:30,1.32,Nolichucky River (Embreeville)
9/23/24 20:45,1.32,Nolichucky River (Embreeville)
9/23/24 21:15,1.32,Nolichucky River (Embreeville)
9/23/24 21:30,1.32,Nolichucky River (Embreeville)
9/23/24 21:45,1.32,Nolichucky River (Embreeville)
9/23/24 22:00,1.31,Nolichucky River (Embreeville)
9/23/24 22:15,1.31,Nolichucky River (Embreeville)
9/23/24 22:30,1.31,Nolichucky River (Embreeville)
9/23/24 22:45,1.31,Nolichucky River (Embreeville)
9/23/24 23:00,1.33,Nolichucky River (Embreeville)
9/23/24 23:15,1.34,Nolichucky River (Embreeville)
9/23/24 23:30,1.34,Nolichucky River (Embreeville)
9/23/24 23:45,1.36,Nolichucky River (Embreeville)
9/24/24 0:00,1.37,Nolichucky River (Embreeville)
9/24/24 0:15,1.38,Nolichucky River (Embreeville)
9/24/24 0:30,1.38,Nolichucky River (Embreeville)
9/24/24 0:45,1.37,Nolichucky River (Embreeville)
9/24/24 1:00,1.36,Nolichucky River (Embreeville)
9/24/24 1:15,1.36,Nolichucky River (Embreeville)
9/24/24 1:30,1.35,Nolichucky River (Embreeville)
9/24/24 1:45,1.35,Nolichucky River (Embreeville)
9/24/24 2:00,1.35,Nolichucky River (Embreeville)
9/24/24 2:15,1.35,Nolichucky River (Embreeville)
9/24/24 2:30,1.36,Nolichucky River (Embreeville)
9/24/24 2:45,1.36,Nolichucky River (Embreeville)
9/24/24 3:00,1.36,Nolichucky River (Embreeville)
9/24/24 3:15,1.38,Nolichucky River (Embreeville)
9/24/24 3:30,1.39,Nolichucky River (Embreeville)
9/24/24 3:45,1.39,Nolichucky River (Embreeville)
9/24/24 4:00,1.38,Nolichucky River (Embreeville)
9/24/24 4:15,1.39,Nolichucky River (Embreeville)
9/24/24 4:30,1.38,Nolichucky River (Embreeville)
9/24/24 4:45,1.38,Nolichucky River (Embreeville)
9/24/24 5:00,1.37,Nolichucky River (Embreeville)
9/24/24 5:15,1.37,Nolichucky River (Embreeville)
9/24/24 5:30,1.36,Nolichucky River (Embreeville)
9/24/24 5:45,1.36,Nolichucky River (Embreeville)
9/24/24 6:00,1.36,Nolichucky River (Embreeville)
9/24/24 6:15,1.36,Nolichucky River (Embreeville)
9/24/24 6:30,1.36,Nolichucky River (Embreeville)
9/24/24 6:45,1.37,Nolichucky River (Embreeville)
9/24/24 7:00,1.37,Nolichucky River (Embreeville)
9/24/24 7:15,1.37,Nolichucky River (Embreeville)
9/24/24 7:30,1.37,Nolichucky River (Embreeville)
9/24/24 7:45,1.38,Nolichucky River (Embreeville)
9/24/24 8:00,1.38,Nolichucky River (Embreeville)
9/24/24 8:15,1.39,Nolichucky River (Embreeville)
9/24/24 8:30,1.4,Nolichucky River (Embreeville)
9/24/24 8:45,1.41,Nolichucky River (Embreeville)
9/24/24 9:00,1.42,Nolichucky River (Embreeville)
9/24/24 9:15,1.42,Nolichucky River (Embreeville)
9/24/24 9:30,1.43,Nolichucky River (Embreeville)
9/24/24 9:45,1.43,Nolichucky River (Embreeville)
9/24/24 10:00,1.43,Nolichucky River (Embreeville)
9/24/24 10:15,1.43,Nolichucky River (Embreeville)
9/24/24 10:30,1.44,Nolichucky River (Embreeville)
9/24/24 10:45,1.44,Nolichucky River (Embreeville)
9/24/24 11:00,1.44,Nolichucky River (Embreeville)
9/24/24 11:15,1.45,Nolichucky River (Embreeville)
9/24/24 11:30,1.45,Nolichucky River (Embreeville)
9/24/24 11:45,1.46,Nolichucky River (Embreeville)
9/24/24 12:00,1.46,Nolichucky River (Embreeville)
9/24/24 12:15,1.46,Nolichucky River (Embreeville)
9/24/24 12:30,1.46,Nolichucky River (Embreeville)
9/24/24 12:45,1.47,Nolichucky River (Embreeville)
9/24/24 13:00,1.47,Nolichucky River (Embreeville)
9/24/24 13:15,1.47,Nolichucky River (Embreeville)
9/24/24 13:30,1.47,Nolichucky River (Embreeville)
9/24/24 13:45,1.48,Nolichucky River (Embreeville)
9/24/24 14:00,1.48,Nolichucky River (Embreeville)
9/24/24 14:15,1.49,Nolichucky River (Embreeville)
9/24/24 14:30,1.5,Nolichucky River (Embreeville)
9/24/24 14:45,1.52,Nolichucky River (Embreeville)
9/24/24 15:00,1.53,Nolichucky River (Embreeville)
9/24/24 15:15,1.55,Nolichucky River (Embreeville)
9/24/24 15:30,1.57,Nolichucky River (Embreeville)
9/24/24 15:45,1.6,Nolichucky River (Embreeville)
9/24/24 16:00,1.61,Nolichucky River (Embreeville)
9/24/24 16:15,1.62,Nolichucky River (Embreeville)
9/24/24 16:30,1.63,Nolichucky River (Embreeville)
9/24/24 16:45,1.63,Nolichucky River (Embreeville)
9/24/24 17:00,1.63,Nolichucky River (Embreeville)
9/24/24 17:15,1.63,Nolichucky River (Embreeville)
9/24/24 17:30,1.63,Nolichucky River (Embreeville)
9/24/24 17:45,1.64,Nolichucky River (Embreeville)
9/24/24 18:00,1.64,Nolichucky River (Embreeville)
9/24/24 18:15,1.65,Nolichucky River (Embreeville)
9/24/24 18:30,1.65,Nolichucky River (Embreeville)
9/24/24 18:45,1.65,Nolichucky River (Embreeville)
9/24/24 19:00,1.65,Nolichucky River (Embreeville)
9/24/24 19:15,1.65,Nolichucky River (Embreeville)
9/24/24 19:30,1.64,Nolichucky River (Embreeville)
9/24/24 19:45,1.65,Nolichucky River (Embreeville)
9/24/24 20:00,1.64,Nolichucky River (Embreeville)
9/24/24 20:15,1.63,Nolichucky River (Embreeville)
9/24/24 20:30,1.63,Nolichucky River (Embreeville)
9/24/24 20:45,1.62,Nolichucky River (Embreeville)
9/24/24 21:00,1.62,Nolichucky River (Embreeville)
9/24/24 21:15,1.61,Nolichucky River (Embreeville)
9/24/24 21:30,1.61,Nolichucky River (Embreeville)
9/24/24 21:45,1.6,Nolichucky River (Embreeville)
9/24/24 22:00,1.6,Nolichucky River (Embreeville)
9/24/24 22:15,1.59,Nolichucky River (Embreeville)
9/24/24 22:30,1.59,Nolichucky River (Embreeville)
9/24/24 22:45,1.59,Nolichucky River (Embreeville)
9/24/24 23:00,1.58,Nolichucky River (Embreeville)
9/24/24 23:15,1.58,Nolichucky River (Embreeville)
9/24/24 23:30,1.57,Nolichucky River (Embreeville)
9/24/24 23:45,1.57,Nolichucky River (Embreeville)
9/25/24 0:00,1.57,Nolichucky River (Embreeville)
9/25/24 0:15,1.57,Nolichucky River (Embreeville)
9/25/24 0:30,1.57,Nolichucky River (Embreeville)
9/25/24 0:45,1.63,Nolichucky River (Embreeville)
9/25/24 1:00,1.66,Nolichucky River (Embreeville)
9/25/24 1:15,1.67,Nolichucky River (Embreeville)
9/25/24 1:30,1.69,Nolichucky River (Embreeville)
9/25/24 1:45,1.72,Nolichucky River (Embreeville)
9/25/24 2:00,1.72,Nolichucky River (Embreeville)
9/25/24 2:15,1.73,Nolichucky River (Embreeville)
9/25/24 2:30,1.74,Nolichucky River (Embreeville)
9/25/24 2:45,1.76,Nolichucky River (Embreeville)
9/25/24 3:00,1.78,Nolichucky River (Embreeville)
9/25/24 3:15,1.82,Nolichucky River (Embreeville)
9/25/24 3:30,1.85,Nolichucky River (Embreeville)
9/25/24 3:45,1.88,Nolichucky River (Embreeville)
9/25/24 4:00,1.9,Nolichucky River (Embreeville)
9/25/24 4:15,1.91,Nolichucky River (Embreeville)
9/25/24 4:30,1.93,Nolichucky River (Embreeville)
9/25/24 4:45,1.93,Nolichucky River (Embreeville)
9/25/24 5:00,1.93,Nolichucky River (Embreeville)
9/25/24 5:15,1.94,Nolichucky River (Embreeville)
9/25/24 5:30,1.95,Nolichucky River (Embreeville)
9/25/24 5:45,1.96,Nolichucky River (Embreeville)
9/25/24 6:00,1.96,Nolichucky River (Embreeville)
9/25/24 6:15,1.99,Nolichucky River (Embreeville)
9/25/24 6:30,2.01,Nolichucky River (Embreeville)
9/25/24 6:45,2.04,Nolichucky River (Embreeville)
9/25/24 7:00,2.07,Nolichucky River (Embreeville)
9/25/24 7:15,2.12,Nolichucky River (Embreeville)
9/25/24 7:30,2.18,Nolichucky River (Embreeville)
9/25/24 7:45,2.19,Nolichucky River (Embreeville)
9/25/24 8:00,2.21,Nolichucky River (Embreeville)
9/25/24 8:15,2.22,Nolichucky River (Embreeville)
9/25/24 8:30,2.23,Nolichucky River (Embreeville)
9/25/24 8:45,2.23,Nolichucky River (Embreeville)
9/25/24 9:00,2.23,Nolichucky River (Embreeville)
9/25/24 9:15,2.24,Nolichucky River (Embreeville)
9/25/24 9:30,2.24,Nolichucky River (Embreeville)
9/25/24 9:45,2.22,Nolichucky River (Embreeville)
9/25/24 10:00,2.21,Nolichucky River (Embreeville)
9/25/24 10:15,2.18,Nolichucky River (Embreeville)
9/25/24 10:30,2.18,Nolichucky River (Embreeville)
9/25/24 10:45,2.17,Nolichucky River (Embreeville)
9/25/24 11:00,2.16,Nolichucky River (Embreeville)
9/25/24 11:15,2.15,Nolichucky River (Embreeville)
9/25/24 11:30,2.14,Nolichucky River (Embreeville)
9/25/24 11:45,2.13,Nolichucky River (Embreeville)
9/25/24 12:00,2.12,Nolichucky River (Embreeville)
9/25/24 12:15,2.1,Nolichucky River (Embreeville)
9/25/24 12:30,2.1,Nolichucky River (Embreeville)
9/25/24 12:45,2.09,Nolichucky River (Embreeville)
9/25/24 13:00,2.07,Nolichucky River (Embreeville)
9/25/24 13:15,2.06,Nolichucky River (Embreeville)
9/25/24 13:30,2.05,Nolichucky River (Embreeville)
9/25/24 13:45,2.03,Nolichucky River (Embreeville)
9/25/24 14:00,2.02,Nolichucky River (Embreeville)
9/25/24 14:15,2.01,Nolichucky River (Embreeville)
9/25/24 14:30,2,Nolichucky River (Embreeville)
9/25/24 14:45,1.98,Nolichucky River (Embreeville)
9/25/24 15:00,1.97,Nolichucky River (Embreeville)
9/25/24 15:15,1.96,Nolichucky River (Embreeville)
9/25/24 15:30,1.95,Nolichucky River (Embreeville)
9/25/24 15:45,1.94,Nolichucky River (Embreeville)
9/25/24 16:00,1.93,Nolichucky River (Embreeville)
9/25/24 16:15,1.92,Nolichucky River (Embreeville)
9/25/24 16:30,1.92,Nolichucky River (Embreeville)
9/25/24 16:45,1.92,Nolichucky River (Embreeville)
9/25/24 17:00,1.93,Nolichucky River (Embreeville)
9/25/24 17:15,1.94,Nolichucky River (Embreeville)
9/25/24 17:30,1.96,Nolichucky River (Embreeville)
9/25/24 17:45,1.97,Nolichucky River (Embreeville)
9/25/24 18:00,1.98,Nolichucky River (Embreeville)
9/25/24 18:15,2.01,Nolichucky River (Embreeville)
9/25/24 18:30,2.09,Nolichucky River (Embreeville)
9/25/24 18:45,2.19,Nolichucky River (Embreeville)
9/25/24 19:00,2.26,Nolichucky River (Embreeville)
9/25/24 19:15,2.3,Nolichucky River (Embreeville)
9/25/24 19:30,2.33,Nolichucky River (Embreeville)
9/25/24 19:45,2.35,Nolichucky River (Embreeville)
9/25/24 20:00,2.37,Nolichucky River (Embreeville)
9/25/24 20:15,2.38,Nolichucky River (Embreeville)
9/25/24 20:30,2.43,Nolichucky River (Embreeville)
9/25/24 20:45,2.48,Nolichucky River (Embreeville)
9/25/24 21:00,2.54,Nolichucky River (Embreeville)
9/25/24 21:15,2.6,Nolichucky River (Embreeville)
9/25/24 21:30,2.65,Nolichucky River (Embreeville)
9/25/24 21:45,2.68,Nolichucky River (Embreeville)
9/25/24 22:00,2.72,Nolichucky River (Embreeville)
9/25/24 22:15,2.77,Nolichucky River (Embreeville)
9/25/24 22:30,2.89,Nolichucky River (Embreeville)
9/25/24 22:45,3.03,Nolichucky River (Embreeville)
9/25/24 23:00,3.14,Nolichucky River (Embreeville)
9/25/24 23:15,3.2,Nolichucky River (Embreeville)
9/25/24 23:30,3.26,Nolichucky River (Embreeville)
9/25/24 23:45,3.31,Nolichucky River (Embreeville)
9/26/24 0:00,3.35,Nolichucky River (Embreeville)
9/26/24 0:15,3.37,Nolichucky River (Embreeville)
9/26/24 0:30,3.41,Nolichucky River (Embreeville)
9/26/24 0:45,3.42,Nolichucky River (Embreeville)
9/26/24 1:00,3.44,Nolichucky River (Embreeville)
9/26/24 1:15,3.43,Nolichucky River (Embreeville)
9/26/24 1:30,3.46,Nolichucky River (Embreeville)
9/26/24 1:45,3.47,Nolichucky River (Embreeville)
9/26/24 2:00,3.53,Nolichucky River (Embreeville)
9/26/24 2:15,3.58,Nolichucky River (Embreeville)
9/26/24 2:30,3.61,Nolichucky River (Embreeville)
9/26/24 2:45,3.64,Nolichucky River (Embreeville)
9/26/24 3:00,3.65,Nolichucky River (Embreeville)
9/26/24 3:15,3.69,Nolichucky River (Embreeville)
9/26/24 3:30,4.06,Nolichucky River (Embreeville)
9/26/24 3:45,5.01,Nolichucky River (Embreeville)
9/26/24 4:00,5.72,Nolichucky River (Embreeville)
9/26/24 4:15,6.18,Nolichucky River (Embreeville)
9/26/24 4:30,6.49,Nolichucky River (Embreeville)
9/26/24 4:45,6.78,Nolichucky River (Embreeville)
9/26/24 5:00,7.16,Nolichucky River (Embreeville)
9/26/24 5:15,7.39,Nolichucky River (Embreeville)
9/26/24 5:30,7.74,Nolichucky River (Embreeville)
9/26/24 5:45,8.17,Nolichucky River (Embreeville)
9/26/24 6:00,8.5,Nolichucky River (Embreeville)
9/26/24 6:15,8.75,Nolichucky River (Embreeville)
9/26/24 6:30,8.86,Nolichucky River (Embreeville)
9/26/24 6:45,9.11,Nolichucky River (Embreeville)
9/26/24 7:00,9.15,Nolichucky River (Embreeville)
9/26/24 7:15,9.22,Nolichucky River (Embreeville)
9/26/24 7:30,9.18,Nolichucky River (Embreeville)
9/26/24 7:45,9.11,Nolichucky River (Embreeville)
9/26/24 8:00,9.13,Nolichucky River (Embreeville)
9/26/24 8:15,9.06,Nolichucky River (Embreeville)
9/26/24 8:30,9.02,Nolichucky River (Embreeville)
9/26/24 8:45,8.93,Nolichucky River (Embreeville)
9/26/24 9:00,8.82,Nolichucky River (Embreeville)
9/26/24 9:15,8.86,Nolichucky River (Embreeville)
9/26/24 9:30,8.89,Nolichucky River (Embreeville)
9/26/24 9:45,8.89,Nolichucky River (Embreeville)
9/26/24 10:00,8.95,Nolichucky River (Embreeville)
9/26/24 10:15,8.84,Nolichucky River (Embreeville)
9/26/24 10:30,8.91,Nolichucky River (Embreeville)
9/26/24 10:45,8.97,Nolichucky River (Embreeville)
9/26/24 11:00,8.93,Nolichucky River (Embreeville)
9/26/24 11:15,8.97,Nolichucky River (Embreeville)
9/26/24 11:30,9,Nolichucky River (Embreeville)
9/26/24 11:45,8.97,Nolichucky River (Embreeville)
9/26/24 12:00,9.05,Nolichucky River (Embreeville)
9/26/24 12:15,9.05,Nolichucky River (Embreeville)
9/26/24 12:30,9.07,Nolichucky River (Embreeville)
9/26/24 12:45,9.15,Nolichucky River (Embreeville)
9/26/24 13:00,9.05,Nolichucky River (Embreeville)
9/26/24 13:15,9.21,Nolichucky River (Embreeville)
9/26/24 13:30,9.15,Nolichucky River (Embreeville)
9/26/24 13:45,9.16,Nolichucky River (Embreeville)
9/26/24 14:00,9.19,Nolichucky River (Embreeville)
9/26/24 14:15,9.16,Nolichucky River (Embreeville)
9/26/24 14:30,9.23,Nolichucky River (Embreeville)
9/26/24 14:45,9.25,Nolichucky River (Embreeville)
9/26/24 15:00,9.13,Nolichucky River (Embreeville)
9/26/24 15:15,9.19,Nolichucky River (Embreeville)
9/26/24 15:30,9.16,Nolichucky River (Embreeville)
9/26/24 15:45,9.05,Nolichucky River (Embreeville)
9/26/24 16:00,9.14,Nolichucky River (Embreeville)
9/26/24 16:15,9.11,Nolichucky River (Embreeville)
9/26/24 16:30,8.96,Nolichucky River (Embreeville)
9/26/24 16:45,9.04,Nolichucky River (Embreeville)
9/26/24 17:00,8.86,Nolichucky River (Embreeville)
9/26/24 17:15,8.97,Nolichucky River (Embreeville)
9/26/24 17:30,8.71,Nolichucky River (Embreeville)
9/26/24 17:45,8.89,Nolichucky River (Embreeville)
9/26/24 18:00,8.79,Nolichucky River (Embreeville)
9/26/24 18:15,8.74,Nolichucky River (Embreeville)
9/26/24 18:30,8.69,Nolichucky River (Embreeville)
9/26/24 18:45,8.51,Nolichucky River (Embreeville)
9/26/24 19:00,8.53,Nolichucky River (Embreeville)
9/26/24 19:15,8.42,Nolichucky River (Embreeville)
9/26/24 19:30,8.39,Nolichucky River (Embreeville)
9/26/24 19:45,8.25,Nolichucky River (Embreeville)
9/26/24 20:00,8.2,Nolichucky River (Embreeville)
9/26/24 20:15,8.21,Nolichucky River (Embreeville)
9/26/24 20:30,8,Nolichucky River (Embreeville)
9/26/24 20:45,7.97,Nolichucky River (Embreeville)
9/26/24 21:00,7.89,Nolichucky River (Embreeville)
9/26/24 21:15,7.87,Nolichucky River (Embreeville)
9/26/24 21:30,7.78,Nolichucky River (Embreeville)
9/26/24 21:45,7.75,Nolichucky River (Embreeville)
9/26/24 22:00,7.67,Nolichucky River (Embreeville)
9/26/24 22:15,7.67,Nolichucky River (Embreeville)
9/26/24 22:30,7.61,Nolichucky River (Embreeville)
9/26/24 22:45,7.51,Nolichucky River (Embreeville)
9/26/24 23:00,7.56,Nolichucky River (Embreeville)
9/26/24 23:15,7.54,Nolichucky River (Embreeville)
9/26/24 23:30,7.44,Nolichucky River (Embreeville)
9/26/24 23:45,7.45,Nolichucky River (Embreeville)
9/27/24 0:00,7.38,Nolichucky River (Embreeville)
9/27/24 0:15,7.46,Nolichucky River (Embreeville)
9/27/24 0:30,7.6,Nolichucky River (Embreeville)
9/27/24 0:45,7.58,Nolichucky River (Embreeville)
9/27/24 1:00,7.71,Nolichucky River (Embreeville)
9/27/24 1:15,7.83,Nolichucky River (Embreeville)
9/27/24 1:30,7.98,Nolichucky River (Embreeville)
9/27/24 1:45,7.99,Nolichucky River (Embreeville)
9/27/24 2:00,8.08,Nolichucky River (Embreeville)
9/27/24 2:15,8.2,Nolichucky River (Embreeville)
9/27/24 2:30,8.2,Nolichucky River (Embreeville)
9/27/24 2:45,8.51,Nolichucky River (Embreeville)
9/27/24 3:00,8.56,Nolichucky River (Embreeville)
9/27/24 3:15,8.63,Nolichucky River (Embreeville)
9/27/24 3:30,8.76,Nolichucky River (Embreeville)
9/27/24 3:45,8.71,Nolichucky River (Embreeville)
9/27/24 4:00,8.87,Nolichucky River (Embreeville)
9/27/24 4:15,9.1,Nolichucky River (Embreeville)
9/27/24 4:30,9.07,Nolichucky River (Embreeville)
9/27/24 4:45,8.95,Nolichucky River (Embreeville)
9/27/24 5:00,9.18,Nolichucky River (Embreeville)
9/27/24 5:15,9.43,Nolichucky River (Embreeville)
9/27/24 5:30,9.44,Nolichucky River (Embreeville)
9/27/24 5:45,9.37,Nolichucky River (Embreeville)
9/27/24 6:00,9.72,Nolichucky River (Embreeville)
9/27/24 6:15,9.71,Nolichucky River (Embreeville)
9/27/24 6:30,10.01,Nolichucky River (Embreeville)
9/27/24 6:45,10.15,Nolichucky River (Embreeville)
9/27/24 7:00,10.4,Nolichucky River (Embreeville)
9/27/24 7:15,10.64,Nolichucky River (Embreeville)
9/27/24 7:30,10.85,Nolichucky River (Embreeville)
9/27/24 7:45,11.15,Nolichucky River (Embreeville)
9/27/24 8:00,11.58,Nolichucky River (Embreeville)
9/27/24 8:15,12.16,Nolichucky River (Embreeville)
9/27/24 8:30,12.69,Nolichucky River (Embreeville)
9/27/24 8:45,12.99,Nolichucky River (Embreeville)
9/27/24 9:00,13.38,Nolichucky River (Embreeville)
9/27/24 9:15,14.06,Nolichucky River (Embreeville)
9/27/24 9:30,14.67,Nolichucky River (Embreeville)
9/27/24 9:45,15.08,Nolichucky River (Embreeville)
9/27/24 10:00,15.74,Nolichucky River (Embreeville)
9/27/24 10:15,16.35,Nolichucky River (Embreeville)
9/27/24 10:30,17.01,Nolichucky River (Embreeville)
9/27/24 10:45,17.58,Nolichucky River (Embreeville)
9/27/24 11:00,18.45,Nolichucky River (Embreeville)
9/27/24 11:15,19.03,Nolichucky River (Embreeville)
9/27/24 11:30,19.56,Nolichucky River (Embreeville)
9/27/24 19:00,33.88,Nolichucky River (Embreeville)
10/3/24 13:15,3.23,Nolichucky River (Embreeville)
10/3/24 13:30,3.22,Nolichucky River (Embreeville)
10/3/24 13:45,3.22,Nolichucky River (Embreeville)
10/3/24 14:00,3.23,Nolichucky River (Embreeville)
10/3/24 14:15,3.21,Nolichucky River (Embreeville)
10/3/24 14:30,3.23,Nolichucky River (Embreeville)
10/3/24 14:45,3.22,Nolichucky River (Embreeville)
10/3/24 15:00,3.21,Nolichucky River (Embreeville)
10/3/24 15:15,3.22,Nolichucky River (Embreeville)
10/3/24 15:30,3.2,Nolichucky River (Embreeville)
10/3/24 15:45,3.19,Nolichucky River (Embreeville)
10/3/24 16:00,3.22,Nolichucky River (Embreeville)
10/3/24 16:15,3.19,Nolichucky River (Embreeville)
10/3/24 16:30,3.18,Nolichucky River (Embreeville)
10/3/24 16:45,3.18,Nolichucky River (Embreeville)
10/3/24 17:00,3.18,Nolichucky River (Embreeville)
10/3/24 17:15,3.18,Nolichucky River (Embreeville)
10/3/24 17:30,3.17,Nolichucky River (Embreeville)
10/3/24 17:45,3.17,Nolichucky River (Embreeville)
10/3/24 18:00,3.15,Nolichucky River (Embreeville)
10/3/24 18:15,3.18,Nolichucky River (Embreeville)
10/3/24 18:30,3.16,Nolichucky River (Embreeville)
10/3/24 18:45,3.17,Nolichucky River (Embreeville)
10/3/24 19:00,3.17,Nolichucky River (Embreeville)
10/3/24 19:15,3.15,Nolichucky River (Embreeville)
10/3/24 19:30,3.17,Nolichucky River (Embreeville)
10/3/24 19:45,3.16,Nolichucky River (Embreeville)
10/3/24 20:00,3.13,Nolichucky River (Embreeville)
10/3/24 20:15,3.16,Nolichucky River (Embreeville)
10/3/24 20:30,3.15,Nolichucky River (Embreeville)
10/3/24 20:45,3.16,Nolichucky River (Embreeville)
10/3/24 21:00,3.14,Nolichucky River (Embreeville)
10/3/24 21:15,3.16,Nolichucky River (Embreeville)
10/3/24 21:30,3.14,Nolichucky River (Embreeville)
10/3/24 21:45,3.14,Nolichucky River (Embreeville)
10/3/24 22:00,3.14,Nolichucky River (Embreeville)
10/3/24 22:15,3.12,Nolichucky River (Embreeville)
10/3/24 22:30,3.14,Nolichucky River (Embreeville)
10/3/24 22:45,3.13,Nolichucky River (Embreeville)
10/3/24 23:00,3.15,Nolichucky River (Embreeville)
10/3/24 23:15,3.13,Nolichucky River (Embreeville)
10/3/24 23:30,3.12,Nolichucky River (Embreeville)
10/3/24 23:45,3.12,Nolichucky River (Embreeville)
10/4/24 0:00,3.11,Nolichucky River (Embreeville)
10/4/24 0:15,3.09,Nolichucky River (Embreeville)
10/4/24 0:30,3.11,Nolichucky River (Embreeville)
10/4/24 0:45,3.1,Nolichucky River (Embreeville)
10/4/24 1:00,3.09,Nolichucky River (Embreeville)
10/4/24 1:15,3.1,Nolichucky River (Embreeville)
10/4/24 1:30,3.09,Nolichucky River (Embreeville)
10/4/24 1:45,3.09,Nolichucky River (Embreeville)
10/4/24 2:00,3.09,Nolichucky River (Embreeville)
10/4/24 2:15,3.11,Nolichucky River (Embreeville)
10/4/24 2:30,3.09,Nolichucky River (Embreeville)
10/4/24 2:45,3.08,Nolichucky River (Embreeville)
10/4/24 3:00,3.08,Nolichucky River (Embreeville)
10/4/24 3:15,3.07,Nolichucky River (Embreeville)
10/4/24 3:30,3.05,Nolichucky River (Embreeville)
10/4/24 3:45,3.07,Nolichucky River (Embreeville)
10/4/24 4:00,3.07,Nolichucky River (Embreeville)
10/4/24 4:15,3.08,Nolichucky River (Embreeville)
10/4/24 4:30,3.08,Nolichucky River (Embreeville)
10/4/24 4:45,3.07,Nolichucky River (Embreeville)
10/4/24 5:00,3.06,Nolichucky River (Embreeville)
10/4/24 5:15,3.07,Nolichucky River (Embreeville)
10/4/24 5:30,3.08,Nolichucky River (Embreeville)
10/4/24 5:45,3.07,Nolichucky River (Embreeville)
10/4/24 6:00,3.06,Nolichucky River (Embreeville)
10/4/24 6:15,3.07,Nolichucky River (Embreeville)
10/4/24 6:30,3.06,Nolichucky River (Embreeville)
10/4/24 6:45,3.06,Nolichucky River (Embreeville)
10/4/24 7:00,3.06,Nolichucky River (Embreeville)
10/4/24 7:15,3.04,Nolichucky River (Embreeville)
10/4/24 7:30,3.06,Nolichucky River (Embreeville)
10/4/24 7:45,3.04,Nolichucky River (Embreeville)
10/4/24 8:00,3.04,Nolichucky River (Embreeville)
10/4/24 8:15,3.03,Nolichucky River (Embreeville)
10/4/24 8:30,3.03,Nolichucky River (Embreeville)
10/4/24 8:45,3.02,Nolichucky River (Embreeville)
10/4/24 9:00,3.04,Nolichucky River (Embreeville)
10/4/24 9:15,3.02,Nolichucky River (Embreeville)
10/4/24 9:30,3.04,Nolichucky River (Embreeville)
10/4/24 9:45,3.02,Nolichucky River (Embreeville)
10/4/24 10:00,3.01,Nolichucky River (Embreeville)
10/4/24 10:15,3.02,Nolichucky River (Embreeville)
10/4/24 10:30,3.02,Nolichucky River (Embreeville)
10/4/24 10:45,3.02,Nolichucky River (Embreeville)
10/4/24 11:00,3.02,Nolichucky River (Embreeville)
10/4/24 11:15,3.02,Nolichucky River (Embreeville)
10/4/24 11:30,3.01,Nolichucky River (Embreeville)
10/4/24 11:45,3.02,Nolichucky River (Embreeville)
10/4/24 12:00,3.01,Nolichucky River (Embreeville)
10/4/24 12:15,3,Nolichucky River (Embreeville)
10/4/24 12:30,3.01,Nolichucky River (Embreeville)
10/4/24 12:45,3,Nolichucky River (Embreeville)
10/4/24 13:00,3,Nolichucky River (Embreeville)
10/4/24 13:15,3,Nolichucky River (Embreeville)
10/4/24 13:30,3,Nolichucky River (Embreeville)
10/4/24 13:45,3.01,Nolichucky River (Embreeville)
10/4/24 14:00,3.01,Nolichucky River (Embreeville)
10/4/24 14:15,3.01,Nolichucky River (Embreeville)
10/4/24 14:30,2.98,Nolichucky River (Embreeville)
10/4/24 14:45,3,Nolichucky River (Embreeville)
10/4/24 15:00,2.99,Nolichucky River (Embreeville)
10/4/24 15:15,3,Nolichucky River (Embreeville)
10/4/24 15:30,2.98,Nolichucky River (Embreeville)
10/4/24 15:45,2.98,Nolichucky River (Embreeville)
10/4/24 16:00,2.97,Nolichucky River (Embreeville)
10/4/24 16:15,2.97,Nolichucky River (Embreeville)
10/4/24 16:30,2.97,Nolichucky River (Embreeville)
10/4/24 16:45,2.97,Nolichucky River (Embreeville)
10/4/24 17:00,2.97,Nolichucky River (Embreeville)
10/4/24 17:15,2.96,Nolichucky River (Embreeville)
10/4/24 17:30,2.96,Nolichucky River (Embreeville)
10/4/24 17:45,2.96,Nolichucky River (Embreeville)
10/4/24 18:00,2.97,Nolichucky River (Embreeville)
10/4/24 18:15,2.95,Nolichucky River (Embreeville)
10/4/24 18:30,2.95,Nolichucky River (Embreeville)
10/4/24 18:45,2.95,Nolichucky River (Embreeville)
10/4/24 19:00,2.97,Nolichucky River (Embreeville)
10/4/24 19:15,2.94,Nolichucky River (Embreeville)
10/4/24 19:30,2.96,Nolichucky River (Embreeville)
10/4/24 19:45,2.96,Nolichucky River (Embreeville)
10/4/24 20:00,2.94,Nolichucky River (Embreeville)
10/4/24 20:15,2.94,Nolichucky River (Embreeville)
10/4/24 20:30,2.93,Nolichucky River (Embreeville)
10/4/24 20:45,2.94,Nolichucky River (Embreeville)
10/4/24 21:00,2.94,Nolichucky River (Embreeville)
10/4/24 21:15,2.93,Nolichucky River (Embreeville)
10/4/24 21:30,2.94,Nolichucky River (Embreeville)
10/4/24 21:45,2.96,Nolichucky River (Embreeville)
10/4/24 22:00,2.94,Nolichucky River (Embreeville)
10/4/24 22:15,2.95,Nolichucky River (Embreeville)
10/4/24 22:30,2.95,Nolichucky River (Embreeville)
10/4/24 22:45,2.93,Nolichucky River (Embreeville)
10/4/24 23:00,2.93,Nolichucky River (Embreeville)
10/4/24 23:15,2.93,Nolichucky River (Embreeville)
10/4/24 23:30,2.91,Nolichucky River (Embreeville)
10/4/24 23:45,2.93,Nolichucky River (Embreeville)
10/5/24 0:00,2.93,Nolichucky River (Embreeville)
10/5/24 0:15,2.91,Nolichucky River (Embreeville)
10/5/24 0:30,2.92,Nolichucky River (Embreeville)
10/5/24 0:45,2.92,Nolichucky River (Embreeville)
10/5/24 1:00,2.9,Nolichucky River (Embreeville)
10/5/24 1:15,2.92,Nolichucky River (Embreeville)
10/5/24 1:30,2.91,Nolichucky River (Embreeville)
10/5/24 1:45,2.89,Nolichucky River (Embreeville)
10/5/24 2:00,2.9,Nolichucky River (Embreeville)
10/5/24 2:15,2.9,Nolichucky River (Embreeville)
10/5/24 2:30,2.92,Nolichucky River (Embreeville)
10/5/24 2:45,2.91,Nolichucky River (Embreeville)
10/5/24 3:00,2.9,Nolichucky River (Embreeville)
10/5/24 3:15,2.89,Nolichucky River (Embreeville)
10/5/24 3:30,2.89,Nolichucky River (Embreeville)
10/5/24 3:45,2.87,Nolichucky River (Embreeville)
10/5/24 4:00,2.89,Nolichucky River (Embreeville)
10/5/24 4:15,2.87,Nolichucky River (Embreeville)
10/5/24 4:30,2.9,Nolichucky River (Embreeville)
10/5/24 4:45,2.87,Nolichucky River (Embreeville)
10/5/24 5:00,2.88,Nolichucky River (Embreeville)
10/5/24 5:15,2.88,Nolichucky River (Embreeville)
10/5/24 5:30,2.88,Nolichucky River (Embreeville)
10/5/24 5:45,2.88,Nolichucky River (Embreeville)
10/5/24 6:00,2.87,Nolichucky River (Embreeville)
10/5/24 6:15,2.87,Nolichucky River (Embreeville)
10/5/24 6:30,2.88,Nolichucky River (Embreeville)
10/5/24 6:45,2.88,Nolichucky River (Embreeville)
10/5/24 7:00,2.88,Nolichucky River (Embreeville)
10/5/24 7:15,2.88,Nolichucky River (Embreeville)
10/5/24 7:30,2.87,Nolichucky River (Embreeville)
10/5/24 7:45,2.88,Nolichucky River (Embreeville)
10/5/24 8:00,2.87,Nolichucky River (Embreeville)
10/5/24 8:15,2.87,Nolichucky River (Embreeville)
10/5/24 8:30,2.87,Nolichucky River (Embreeville)
10/5/24 8:45,2.87,Nolichucky River (Embreeville)
10/5/24 9:00,2.86,Nolichucky River (Embreeville)
10/5/24 9:15,2.87,Nolichucky River (Embreeville)
10/5/24 9:30,2.85,Nolichucky River (Embreeville)
10/5/24 9:45,2.85,Nolichucky River (Embreeville)
10/5/24 10:00,2.85,Nolichucky River (Embreeville)
10/5/24 10:15,2.85,Nolichucky River (Embreeville)
10/5/24 10:30,2.86,Nolichucky River (Embreeville)
10/5/24 10:45,2.86,Nolichucky River (Embreeville)
10/5/24 11:00,2.83,Nolichucky River (Embreeville)
10/5/24 11:15,2.84,Nolichucky River (Embreeville)
10/5/24 11:30,2.83,Nolichucky River (Embreeville)
10/5/24 11:45,2.85,Nolichucky River (Embreeville)
10/5/24 12:00,2.84,Nolichucky River (Embreeville)
10/5/24 12:15,2.85,Nolichucky River (Embreeville)
10/5/24 12:30,2.84,Nolichucky River (Embreeville)
10/5/24 12:45,2.84,Nolichucky River (Embreeville)
10/5/24 13:00,2.83,Nolichucky River (Embreeville)
10/5/24 13:15,2.82,Nolichucky River (Embreeville)
10/5/24 13:30,2.83,Nolichucky River (Embreeville)
10/5/24 13:45,2.82,Nolichucky River (Embreeville)
10/5/24 14:00,2.82,Nolichucky River (Embreeville)
10/5/24 14:15,2.83,Nolichucky River (Embreeville)
10/5/24 14:30,2.84,Nolichucky River (Embreeville)
10/5/24 14:45,2.83,Nolichucky River (Embreeville)
10/5/24 15:00,2.81,Nolichucky River (Embreeville)
10/5/24 15:15,2.81,Nolichucky River (Embreeville)
10/5/24 15:30,2.83,Nolichucky River (Embreeville)
10/5/24 15:45,2.82,Nolichucky River (Embreeville)
10/5/24 16:00,2.82,Nolichucky River (Embreeville)
10/5/24 16:15,2.81,Nolichucky River (Embreeville)
10/5/24 16:30,2.8,Nolichucky River (Embreeville)
10/5/24 16:45,2.8,Nolichucky River (Embreeville)
10/5/24 17:00,2.82,Nolichucky River (Embreeville)
10/5/24 17:15,2.81,Nolichucky River (Embreeville)
10/5/24 17:30,2.81,Nolichucky River (Embreeville)
10/5/24 17:45,2.83,Nolichucky River (Embreeville)
10/5/24 18:00,2.78,Nolichucky River (Embreeville)
10/5/24 18:15,2.8,Nolichucky River (Embreeville)
10/5/24 18:30,2.81,Nolichucky River (Embreeville)
10/5/24 18:45,2.81,Nolichucky River (Embreeville)
10/5/24 19:00,2.8,Nolichucky River (Embreeville)
10/5/24 19:15,2.79,Nolichucky River (Embreeville)
10/5/24 19:30,2.79,Nolichucky River (Embreeville)
10/5/24 19:45,2.77,Nolichucky River (Embreeville)
10/5/24 20:00,2.79,Nolichucky River (Embreeville)
10/5/24 20:15,2.79,Nolichucky River (Embreeville)
10/5/24 20:30,2.77,Nolichucky River (Embreeville)
10/5/24 20:45,2.79,Nolichucky River (Embreeville)
10/5/24 21:00,2.77,Nolichucky River (Embreeville)
10/5/24 21:15,2.78,Nolichucky River (Embreeville)
10/5/24 21:30,2.77,Nolichucky River (Embreeville)
10/5/24 21:45,2.77,Nolichucky River (Embreeville)
10/5/24 22:00,2.76,Nolichucky River (Embreeville)
10/5/24 22:15,2.77,Nolichucky River (Embreeville)
10/5/24 22:30,2.77,Nolichucky River (Embreeville)
10/5/24 22:45,2.78,Nolichucky River (Embreeville)
10/5/24 23:00,2.77,Nolichucky River (Embreeville)
10/5/24 23:15,2.77,Nolichucky River (Embreeville)
10/5/24 23:30,2.77,Nolichucky River (Embreeville)
10/5/24 23:45,2.76,Nolichucky River (Embreeville)